Year,months,Precipitation,Tem_min,Temp_mx,T_mean,Relative_humidity,Sea_surf_Temp,Wind_speed,SPI3,SPI6,SPI9,SPI12,SPI18,SPI24,SPI36,SPI48
1981,1,35.2384,16.983,30.9722,23.9522,61.6847,27.5122,4.31898,-1.25,-99,-99,-99,-99,-99,-99,-99
1981,2,35.279,17.45,31.5782,24.4892,63.8816,27.8221,4.7223,-0.86,-99,-99,-99,-99,-99,-99,-99
1981,3,109.927,19.147,31.3177,25.2069,71.0475,28.5065,3.76026,2.62,-99,-99,-99,-99,-99,-99,-99
1981,4,104.899,19.462,31.3774,25.3943,70.6338,29.2381,3.53287,0.73,-99,-99,-99,-99,-99,-99,-99
1981,5,83.1557,19.4929,31.1699,25.3058,71.5098,28.6568,4.65519,0.1,-99,-99,-99,-99,-99,-99,-99
1981,6,40.6063,18.6465,30.8769,24.7369,71.6087,27.4046,5.58217,-2.1,0.43,-99,-99,-99,-99,-99,-99
1981,7,83.7359,18.0194,29.092,23.5309,74.7633,26.1781,6.13943,1.22,1.22,-99,-99,-99,-99,-99,-99
1981,8,91.5776,18.6399,29.9831,24.2866,74.7199,25.8855,5.53776,0.86,1.64,-99,-99,-99,-99,-99,-99
1981,9,74.6488,18.6173,30.4681,24.5187,71.2327,26.1773,4.92204,0.85,0.71,0.95,-99,-99,-99,-99,-99
1981,10,58.9415,18.3882,31.2251,24.7808,71.1523,27.2432,3.90983,-0.95,0,0.9,-99,-99,-99,-99,-99
1981,11,38.8958,17.4407,30.84,24.1157,70.4031,27.7346,3.8623,-1.93,-0.71,0.45,-99,-99,-99,-99,-99
1981,12,50.5282,16.9943,30.6613,23.8028,72.9971,27.5297,4.03289,-0.25,-0.37,-0.43,-0.06,-99,-99,-99,-99
1982,1,42.4164,17.4795,30.7483,24.0892,71.3725,27.405,4.36214,-0.45,-0.71,-0.7,0.1,-99,-99,-99,-99
1982,2,35.851,17.5925,30.9898,24.2665,67.047,27.5401,4.27496,-0.74,-1.09,-0.84,0.1,-99,-99,-99,-99
1982,3,60.6592,18.8614,32.2208,25.5167,64.4899,28.4352,3.95069,-0.85,-1.44,-0.72,-0.73,-99,-99,-99,-99
1982,4,99.0129,19.5226,31.5406,25.5066,70.747,29.2589,3.80978,0.27,-1.19,-0.9,-0.86,-99,-99,-99,-99
1982,5,108.809,19.5372,30.9376,25.2129,72.6908,29.0485,4.50283,1.77,0.1,-0.54,-0.39,-99,-99,-99,-99
1982,6,54.6907,19.1124,30.8273,24.9455,71.8273,27.7815,5.70087,-0.07,0.2,-0.7,-0.15,0.07,-99,-99,-99
1982,7,58.3573,18.7367,29.9474,24.3178,72.7904,26.6538,6.15887,-1.78,-0.13,-0.79,-0.61,0.03,-99,-99,-99
1982,8,74.5014,18.5522,29.6953,24.0993,72.7045,26.3537,6.01981,-0.66,-0.14,-0.45,-0.86,0.03,-99,-99,-99
1982,9,61.1443,18.8236,30.9387,24.8563,69.1742,26.7827,4.9436,-0.77,0,-0.55,-1.03,-0.56,-99,-99,-99
1982,10,122.19,18.4789,30.1294,24.2792,72.9684,27.5435,4.03659,2.77,1.28,0.72,-0.06,-0.05,-99,-99,-99
1982,11,105.04,17.6792,29.7149,23.6723,72.2829,28.1381,3.90163,2.31,1.51,1.62,1.16,0.48,-99,-99,-99
1982,12,61.1802,17.0797,30.0597,23.5447,70.3337,28.1556,4.21491,0.48,1.48,1.81,1.33,0.76,0.8,-99,-99
1983,1,37.1778,16.2018,29.6783,22.9156,68.9884,27.4765,4.59732,-1.01,1.51,1.57,1.24,0.59,0.96,-99,-99
1983,2,37.344,17.9964,31.2947,24.6207,65.5559,28.0526,4.52614,-0.62,1.49,0.95,1.18,0.35,0.95,-99,-99
1983,3,52.6887,19.1214,32.2279,25.6497,63.3433,28.5786,4.12745,-1.58,1.22,0.62,1.01,-0.05,0.26,-99,-99
1983,4,88.9285,20.2085,32.1974,26.1776,68.8313,29.5097,3.84161,-0.53,0.14,0.77,0.87,0.05,0.07,-99,-99
1983,5,86.243,20.2299,31.7753,25.9784,73.2554,29.1081,4.78167,0.31,-0.88,0.94,0.48,0.5,0.11,-99,-99
1983,6,57.6815,19.5297,31.1217,25.3009,72.9584,28.1141,5.32342,0.32,-1.19,1.07,0.54,0.57,0.32,-99,-99
1983,7,65.3266,19.1542,30.2534,24.6782,73.8097,27.1158,6.19259,-0.89,-1.2,0.07,0.65,0.51,0.07,-99,-99
1983,8,85.6429,19.2575,29.8644,24.5354,73.0486,26.3604,6.07349,0.34,-0.79,-0.78,0.78,0.61,-0.01,-99,-99
1983,9,71.5927,19.1333,30.9433,25.0131,72.2558,26.3517,5.42809,0.52,-0.04,-0.87,0.9,0.78,-0.05,-99,-99
1983,10,71.199,18.986,30.9922,24.9638,70.8534,26.8192,4.37642,-0.08,0.11,-0.68,0.15,0.72,0.09,-99,-99
1983,11,47.5586,17.9255,30.9405,24.408,70.2274,27.7963,3.86248,-1.15,-0.44,-0.85,-0.97,0.14,0.19,-99,-99
1983,12,52.1167,16.8662,30.1216,23.4697,70.0525,27.7684,4.29746,-0.17,-0.51,-0.47,-1.14,0.11,0.17,0.18,-99
1984,1,44.2878,16.2251,29.8265,23.0013,67.0432,27.0689,4.95481,-0.24,-0.36,-0.37,-0.95,0.36,0.28,0.36,-99
1984,2,36.3057,17.0241,31.6838,24.3292,62.2245,26.8924,4.6388,-0.74,-0.6,-0.57,-0.91,0.37,0.26,0.36,-99
1984,3,46.9071,18.9944,32.839,25.8919,64.8931,27.8168,4.0571,-2.18,-1.21,-1.09,-0.97,0.09,0.09,-0.3,-99
1984,4,80.478,19.7236,32.5191,26.0958,69.5125,28.9635,4.09345,-1.31,-1.75,-1.27,-1.17,-0.91,-0.14,-0.57,-99
1984,5,72.1511,19.546,31.5111,25.5041,73.4721,28.2695,4.86136,-0.72,-1.83,-1.52,-1.41,-1.75,-0.63,-0.7,-99
1984,6,51.5799,18.8454,30.5627,24.6793,72.7664,26.876,6.12521,-0.47,-2.22,-1.67,-1.55,-1.9,-0.69,-0.6,-99
1984,7,69.5398,18.58,29.7944,24.1625,73.2943,25.9299,6.17364,-0.3,-2.36,-1.87,-1.45,-1.74,-0.54,-0.74,-99
1984,8,53.8116,18.5883,30.2062,24.3739,71.0976,25.4516,5.73983,-2.9,-2.93,-2.37,-1.92,-1.94,-0.81,-1.13,-99
1984,9,55.7817,18.4944,31.1127,24.7782,68.8695,25.88,4.82143,-1.41,-2.45,-2.72,-2.08,-1.75,-0.85,-1.31,-99
1984,10,50.1856,18.4708,31.646,25.0337,70.745,26.9078,4.49312,-1.67,-2.47,-3.27,-2.77,-2.03,-1.7,-1.36,-99
1984,11,74.1239,17.4309,30.2436,23.8126,70.9857,27.3935,4.01722,0.65,-1.68,-2.56,-2.55,-2.03,-2.11,-1.02,-99
1984,12,59.2528,17.0097,29.8732,23.4156,68.0598,27.6536,4.20335,0.34,-1.28,-1.74,-2.37,-2.02,-2.11,-0.93,-0.76
1985,1,38.6114,17.5697,31.3041,24.4114,63.7595,27.1702,4.44898,-0.78,-1.34,-1.55,-2.4,-2.16,-2.2,-0.98,-0.74
1985,2,48.7364,17.097,30.3726,23.7106,62.5858,27.3723,5.06727,0.7,-0.51,-1.17,-2,-2.19,-1.98,-0.84,-0.61
1985,3,74.3231,18.8475,32.176,25.4869,66.5121,28.1325,4.38368,0.21,-0.17,-1.01,-1.42,-2.13,-1.69,-0.7,-0.92
1985,4,109.337,19.3695,31.0912,25.2046,71.3809,28.9946,3.81393,1.02,0.65,-0.7,-0.93,-1.89,-1.46,-0.61,-0.92
1985,5,97.0945,19.2668,30.7767,24.9958,71.435,28.3741,4.67256,1.04,0.87,0.14,-0.48,-1.42,-1.38,-0.75,-0.8
1985,6,47.8089,18.6,30.3714,24.4613,70.5799,26.7968,5.7235,-1.04,0.65,0.2,-0.56,-1.49,-1.55,-0.84,-0.75
1985,7,74.9958,18.1068,29.3811,23.7186,74.3712,26.1519,5.81189,0.27,1.02,0.73,-0.47,-1.38,-1.43,-0.66,-0.83
1985,8,75.0424,18.5113,29.8405,24.1497,72.8035,25.665,6.33251,-0.66,0.52,0.43,-0.09,-1.28,-1.55,-0.65,-0.98
1985,9,67.5745,18.7013,30.623,24.6376,72.266,26.2216,4.9681,0.07,0.46,0.35,0.1,-0.89,-1.56,-0.57,-1.03
1985,10,48.7915,18.7425,31.1733,24.9322,71.4149,26.7742,4.63921,-1.76,-0.65,-0.03,0.08,-1.03,-1.75,-1.28,-1.09
1985,11,59.8967,17.7713,30.6822,24.202,70.7208,27.6091,4.05197,-0.26,-1.13,-0.26,-0.2,-0.99,-1.61,-1.75,-0.92
1985,12,49.2071,17.1681,30.0503,23.5849,69.3281,27.4421,4.47167,-0.41,-0.95,-0.41,-0.39,-1.03,-1.64,-1.85,-0.91
1986,1,43.2731,16.5181,30.5223,23.4956,66.3114,26.9441,4.54261,-0.34,-1.05,-0.74,-0.28,-1.09,-1.73,-1.89,-0.93
1986,2,38.8501,18.0165,31.8833,24.9253,62.7858,27.4768,4.38954,-0.38,-0.95,-1.11,-0.44,-0.74,-1.64,-1.85,-0.9
1986,3,68.5379,18.9054,32.0949,25.4756,65.4461,28.3861,3.83845,-0.18,-0.95,-0.97,-0.5,-0.56,-1.34,-1.66,-0.81
1986,4,119.94,19.4472,31.3942,25.3966,70.4395,29.1609,4.46219,1.8,0.09,-0.54,-0.32,0.14,-0.86,-1.36,-0.64
1986,5,71.7996,19.8095,31.4014,25.5802,72.6292,28.6242,4.78406,-0.72,-0.06,-0.58,-0.76,-0.16,-0.9,-1.54,-1
1986,6,67.8423,18.7998,30.1805,24.4642,72.7815,27.0437,6.09636,1.52,0.49,-0.35,-0.42,-0.05,-0.7,-1.45,-0.88
1986,7,68.0128,18.2417,29.551,23.8717,74.0667,25.7703,6.30253,-0.53,0.49,0.01,-0.54,0,-0.75,-1.4,-0.79
1986,8,57.0352,18.3326,30.4046,24.3438,72.757,25.6645,5.69459,-2.55,-0.23,-0.47,-0.81,-0.44,-0.69,-1.68,-0.96
1986,9,61.7315,18.6526,30.6863,24.6454,72.269,26.0243,4.89339,-0.65,-0.32,-0.5,-0.86,-0.52,-0.6,-1.76,-0.94
1986,10,60.0038,18.8112,31.2221,24.9924,71.2594,26.9284,4.01988,-0.87,-1.41,-0.73,-0.78,-0.9,-0.45,-1.82,-1.45
1986,11,59.5621,18.0712,30.8123,24.4166,69.9568,28.2921,4.14487,-0.26,-1.13,-0.68,-0.89,-1.22,-0.62,-1.71,-1.84
1986,12,64.7519,16.9209,29.5573,23.2155,71.3297,27.9569,4.39069,0.75,-1.05,-0.37,-0.56,-0.98,-0.56,-1.56,-1.76
1987,1,43.857,16.6695,30.3291,23.4753,67.4594,27.3093,4.8024,-0.24,-0.95,-0.91,-0.51,-1.09,-0.48,-1.63,-1.85
1987,2,45.9403,17.9406,31.7262,24.8074,66.0391,27.4443,4.36088,0.39,-0.28,-0.61,-0.35,-0.96,-0.51,-1.52,-1.74
1987,3,69.3669,19.3076,32.0916,25.675,66.0913,28.6511,3.7744,-0.18,-0.19,-0.88,-0.33,-0.96,-0.57,-1.27,-1.54
1987,4,81.1071,19.8449,32.0435,25.9187,68.565,29.5625,3.87531,-1.22,-0.27,-1.1,-1.04,-0.83,-0.94,-1.29,-1.66
1987,5,116.316,19.8667,31.0741,25.4458,72.2962,29.4073,4.68491,2.18,0.72,0.07,-0.25,-0.25,-0.72,-0.83,-1.4
1987,6,53.9293,18.8188,30.4599,24.6138,72.8836,27.2412,5.68561,-0.2,0.46,0.13,-0.51,-0.2,-0.66,-0.82,-1.44
1987,7,52.0225,18.7863,30.6244,24.6806,73.5536,26.4314,5.5193,-2.6,-0.13,-0.02,-0.79,-0.45,-0.99,-1.01,-1.55
1987,8,65.8447,18.8256,30.6052,24.6899,74.5695,26.3179,5.87765,-1.56,-0.75,-0.29,-0.59,-0.59,-1.09,-0.87,-1.73
1987,9,55.6074,19.2144,31.885,25.5259,71.3249,26.9537,5.10913,-1.41,-1.04,-0.84,-0.65,-0.68,-1.21,-0.86,-1.85
1987,10,57.5831,19.0175,31.4337,25.2006,69.1078,27.5653,4.38418,-1.02,-0.95,-1.15,-0.78,-1.25,-1.04,-0.75,-1.91
1987,11,59.7606,18.0887,31.3036,24.6719,67.9814,28.0414,3.95085,-0.26,-1.97,-1.22,-0.89,-1.22,-1.05,-0.9,-1.81
1987,12,32.5406,17.4473,31.009,24.2024,67.6372,27.9787,4.11746,-1.86,-2.29,-1.54,-1.52,-1.74,-1.25,-1.15,-1.93
1988,1,55.8012,17.5661,30.813,24.1646,68.4241,28.2433,4.45515,0.91,-1.41,-1.01,-1.22,-1.62,-1.12,-1,-1.98
1988,2,41.8537,18.4156,31.9508,25.1583,62.3175,28.2361,4.06205,-0.04,-1.02,-1.72,-1.23,-1.27,-1.05,-1.08,-1.9
1988,3,72.4213,19.288,32.8009,26.0192,64.828,29.0395,3.73644,0.06,-0.68,-1.63,-1.12,-1.12,-1,-1.09,-1.62
1988,4,112.535,19.883,32.3059,26.0695,69.28,29.4635,4.15349,1.31,0,-0.86,-0.57,-0.66,-1.12,-1.07,-1.35
1988,5,55.1725,19.6123,31.8564,25.7107,68.7905,28.4358,5.13423,-2.17,-0.65,-1.05,-1.67,-1.04,-1.39,-1.55,-1.53
1988,6,57.6885,19.0338,30.8276,24.9056,71.8563,27.1787,5.82836,0.32,0.01,-0.77,-1.63,-1.16,-1.56,-1.46,-1.48
1988,7,89.0068,18.3898,29.1317,23.736,73.3034,26.2692,6.27946,1.73,0.25,-0.2,-0.94,-0.84,-1.29,-1.29,-1.3
1988,8,98.4146,18.7039,29.6606,24.1565,73.8827,26.1916,6.16603,1.35,0.74,0.23,-0.34,-0.6,-0.72,-1.02,-0.89
1988,9,92.518,18.7649,30.447,24.5814,72.1624,26.5584,5.1937,2.66,1.49,1.31,0.25,-0.2,-0.31,-0.75,-0.56
1988,10,71.1247,18.5595,30.6601,24.5846,71.0091,27.3944,4.30514,-0.08,0.84,1.06,0.49,-0.05,-0.16,-0.51,-0.37
1988,11,55.7293,17.2652,30.2651,23.7403,69.3553,27.8943,4.25283,-0.54,1.24,0.8,0.45,-0.65,-0.21,-0.56,-0.53
1988,12,54.9332,16.7577,30.1923,23.4504,68.1187,27.951,4.40017,0.05,1.05,0.74,0.85,-0.63,-0.35,-0.5,-0.54
1989,1,50.7613,16.0165,29.1938,22.5804,71.1584,27.0027,4.88122,0.46,0.76,0.5,0.77,-0.25,-0.23,-0.39,-0.41
1989,2,37.3427,16.887,30.1478,23.4927,65.1949,27.4373,4.60787,-0.62,0.28,0.89,0.64,-0.1,-0.34,-0.42,-0.53
1989,3,80.3382,18.5626,31.3811,24.9466,66.0191,28.1914,3.85782,0.66,-0.06,1,0.75,0.21,-0.2,-0.31,-0.47
1989,4,109.918,19.1388,30.8608,24.975,72.8668,28.7466,4.44191,1.1,0.3,0.97,0.72,0.63,0.15,-0.42,-0.48
1989,5,86.3505,18.8378,30.6821,24.7353,74.9411,28.4821,4.94088,0.31,0.66,0.72,1.23,0.77,-0.22,-0.28,-0.59
1989,6,49.9578,18.4236,30.3248,24.3488,73.281,27.2257,6.1111,-0.75,0.58,0.14,1.11,0.98,-0.29,-0.49,-0.58
1989,7,66.3416,18.3314,29.483,23.8821,75.3868,26.6174,6.49685,-0.77,0.25,0.07,0.72,0.72,-0.11,-0.51,-0.66
1989,8,75.6637,18.5381,29.9232,24.205,74.5511,26.0003,6.13353,-0.57,0.21,0.12,0.32,0.6,0.01,-0.31,-0.66
1989,9,71.6876,18.6157,30.532,24.5491,73.6944,26.5404,5.06466,0.52,0.09,0.21,-0.01,0.62,0.21,-0.2,-0.62
1989,10,75.5119,18.599,30.965,24.757,73.8739,27.1643,4.2263,0.25,-0.24,0.18,0.06,0.44,0.41,-0.04,-0.38
1989,11,67.7334,17.6456,30.5562,24.0758,72.3751,27.7664,4.23496,0.28,-0.22,0.36,0.28,0.86,0.5,0.03,-0.32
1989,12,77.5739,17.4945,29.5544,23.4996,73.3542,27.9345,4.31619,1.56,0.47,0.62,0.71,1.13,0.97,0.14,-0.06
1990,1,37.14,16.8424,30.1328,23.4633,69.9927,27.6982,4.1701,-1.01,0.39,0.17,0.46,0.93,0.88,0.15,-0.04
1990,2,67.5442,17.95,30.4135,24.1576,71.109,28.2855,3.72981,2.4,1.02,0.57,0.96,1.08,1.16,0.37,0.22
1990,3,90.2644,18.4628,31.0146,24.714,68.866,28.8743,4.01441,1.36,1.26,1.02,1.09,0.94,1.36,0.56,0.38
1990,4,110.668,19.8602,31.9137,25.8619,73.0283,29.3949,3.78803,1.17,1.69,1.42,1.13,1.18,1.36,0.88,0.29
1990,5,52.9117,19.898,32.1214,25.9854,70.9134,28.9273,5.25284,-2.36,1.13,0.97,0.59,0.9,1.4,0.23,0.12
1990,6,34.9517,19.09,31.4263,25.2323,72.0767,27.1417,5.86127,-3.12,-0.05,0.51,0.33,0.57,1.12,0.02,-0.19
1990,7,65.6104,18.2733,30.0304,24.1274,71.4946,26.426,6.18485,-0.77,0.04,0.37,0.33,0.39,0.83,0.16,-0.21
1990,8,70.1546,18.8135,30.2516,24.5066,72.6906,26.1546,6.07527,-1.15,-1.18,0.05,0.21,0.28,0.45,0.19,-0.11
1990,9,62.0562,18.9331,31.0642,24.9749,70.5128,26.5048,5.30319,-0.65,-1.99,-0.65,0.05,0.08,0.05,0.25,-0.12
1990,10,58.8478,18.6158,31.5371,25.0516,70.4209,26.9553,4.45367,-0.95,-2.77,-0.75,-0.25,-0.3,-0.1,0.25,-0.13
1990,11,51.2616,18.3326,31.2671,24.7747,68.4956,27.6057,4.29306,-0.92,-2.06,-1.56,-0.63,-0.57,-0.16,0.15,-0.21
1990,12,58.253,17.5359,30.9004,24.1937,69.3079,27.8764,4.09568,0.27,-1.21,-1.78,-1.02,-0.45,-0.15,0.38,-0.25
1991,1,51.6065,17.0331,30.4473,23.7138,67.5925,27.8427,4.26975,0.55,-0.85,-1.99,-0.68,-0.25,-0.09,0.44,-0.12
1991,2,42.0524,18.2134,32.0303,25.0953,64.059,27.7641,4.74462,-0.04,-0.57,-1.34,-1.12,-0.18,-0.03,0.43,-0.17
1991,3,78.5612,19.3681,32.4919,25.905,65.0405,28.3906,3.81421,0.59,-0.25,-0.72,-1.26,-0.12,-0.04,0.48,-0.09
1991,4,85.9091,19.688,32.3143,25.9762,68.8952,29.4892,3.93076,-0.79,-0.19,-0.8,-1.76,-0.33,-0.34,0.21,-0.06
1991,5,91.5757,19.7036,31.3737,25.5133,70.411,29.1695,4.67281,0.71,0.4,-0.35,-1.03,-0.24,-0.28,0.6,-0.28
1991,6,57.8741,18.9375,31.0418,24.966,71.8441,27.3559,5.58404,0.32,0.43,-0.2,-0.63,-0.57,-0.19,0.59,-0.25
1991,7,76.3861,18.4855,29.5568,23.9971,74.358,26.1121,6.34352,0.38,0.38,0.13,-0.45,-0.36,-0.06,0.44,-0.05
1991,8,77.5194,18.476,30.0015,24.2133,72.0426,25.5652,6.09596,-0.38,0.24,0.34,-0.29,-0.74,-0.04,0.22,0.05
1991,9,64.8926,18.5161,31.1113,24.7895,68.4753,26.2404,5.13477,-0.29,-0.07,0.21,-0.23,-0.99,-0.13,-0.06,0.12
1991,10,70.0124,18.5233,31.1708,24.8223,68.0142,27.002,3.97972,-0.15,0.14,0.02,-0.08,-1.28,-0.2,-0.07,0.2
1991,11,47.1136,17.4015,30.6646,24.008,65.9458,27.535,4.38054,-1.23,-0.6,-0.35,-0.18,-1.17,-0.45,-0.17,0.09
1991,12,54.0088,16.6819,29.599,23.1153,67.2726,27.6623,4.41139,-0.02,-0.61,-0.49,-0.25,-0.89,-0.75,-0.19,0.28
1992,1,34.3631,16.1469,30.2011,23.1475,63.8127,27.6419,4.72175,-1.37,-0.95,-0.53,-0.56,-1.01,-0.79,-0.31,0.2
1992,2,40.0714,16.9564,30.5082,23.7081,63.5525,27.6546,4.88817,-0.26,-0.9,-0.78,-0.57,-0.9,-1.13,-0.28,0.16
1992,3,47.7597,18.8884,32.2729,25.5557,62.9771,28.3077,4.65524,-2.07,-1.32,-1.27,-1.08,-1.13,-1.65,-0.62,-0.07
1992,4,93.7854,20.1652,32.1058,26.1102,68.543,28.8839,4.08579,-0.12,-1.48,-1.39,-0.97,-0.96,-1.91,-0.81,-0.25
1992,5,73.231,19.9421,31.5375,25.7149,70.0482,28.8395,4.52278,-0.64,-1.46,-1.45,-1.3,-0.91,-1.72,-0.96,-0.1
1992,6,57.754,19.2582,30.7424,24.9764,71.8605,27.6266,5.8513,0.32,-1.64,-1.34,-1.33,-0.92,-1.44,-0.89,-0.11
1992,7,63.9272,18.4025,29.4105,23.8822,73.2241,26.5699,6.42131,-1.01,-1.6,-1.62,-1.55,-1.12,-1.49,-0.9,-0.34
1992,8,79.3584,18.2891,29.2413,23.7396,72.8928,25.8044,6.40042,-0.29,-1.49,-1.45,-1.42,-1.07,-1.33,-0.86,-0.52
1992,9,64.398,18.5114,30.5082,24.4854,70.4014,26.2362,5.16159,-0.41,-0.81,-1.59,-1.36,-1.17,-1.27,-0.93,-0.77
1992,10,77.0862,18.644,30.9568,24.7748,70.5842,27.0963,4.29693,0.31,-0.56,-1.17,-1.42,-1.01,-0.98,-0.89,-0.7
1992,11,71.6135,17.6869,30.1809,23.908,68.2244,27.6681,4.39062,0.53,-0.06,-0.83,-1.09,-1.09,-0.73,-0.86,-0.57
1992,12,63.1154,16.9939,30.0119,23.4777,70.1964,27.6947,4.36193,0.62,0.08,-0.12,-0.9,-1.02,-0.68,-1,-0.48
1993,1,57.4927,16.7376,29.9639,23.3256,71.5456,27.5073,4.69421,1,0.5,0.13,-0.41,-0.95,-0.61,-0.81,-0.4
1993,2,49.9521,17.2953,30.7133,23.9793,65.8327,27.6321,4.47722,0.8,0.7,0.44,-0.21,-0.8,-0.5,-1,-0.29
1993,3,60.4324,18.7637,32.1371,25.4257,62.8092,28.1795,4.12335,-0.93,0.53,0.19,0.01,-0.9,-0.73,-1.31,-0.47
1993,4,101.007,19.6456,31.8384,25.717,68.1794,28.8213,4.11072,0.42,0.62,0.45,0.13,-0.79,-0.56,-1.45,-0.57
1993,5,98.5491,19.3792,31.2639,25.2959,73.1109,29.1764,4.34652,1.16,0.95,0.79,0.57,-0.27,-0.49,-0.97,-0.46
1993,6,64.0583,19.0252,30.8585,24.9177,72.3447,27.8003,5.88123,1.05,1.11,0.98,0.67,-0.14,-0.42,-0.67,-0.34
1993,7,62.5002,18.3051,29.7413,23.9978,73.0763,26.5616,6.6452,-1.14,0.52,0.82,0.65,-0.09,-0.61,-0.7,-0.38
1993,8,82.9881,18.6361,30.0507,24.3175,70.9772,25.757,5.99268,0.08,0.27,0.76,0.67,-0.04,-0.53,-0.55,-0.32
1993,9,57.9406,18.4802,30.7765,24.6045,71.6118,26.091,5.2112,-1.15,0.34,0.38,0.55,0.15,-0.61,-0.59,-0.45
1993,10,57.6998,18.3596,30.9233,24.6164,69.946,26.799,4.57472,-1.02,-0.26,-0.22,0.28,-0.03,-0.73,-0.58,-0.59
1993,11,48.1446,18.5072,31.5922,25.0249,66.8072,27.7472,4.15396,-1.15,-1.16,-0.72,-0.16,-0.15,-0.72,-0.62,-0.77
1993,12,36.6663,16.5287,30.0853,23.2821,66.4111,27.8405,4.36734,-1.46,-1.7,-0.8,-0.66,-0.44,-0.93,-0.83,-1.08
1994,1,43.8227,17.0536,30.8877,23.9456,63.6894,27.6179,4.37508,-0.24,-1.44,-0.95,-0.87,-0.32,-0.82,-0.92,-1.08
1994,2,42.3866,17.5929,31.348,24.4447,60.4973,27.4259,4.81749,-0.04,-1.46,-1.3,-0.97,-0.3,-0.78,-0.92,-1.31
1994,3,63.7179,18.5819,31.7633,25.1472,61.6585,28.1298,4.07092,-0.59,-1.32,-1.59,-0.85,-0.35,-0.57,-1.07,-1.52
1994,4,84.9762,19.9188,32.2806,26.0742,67.034,29.0843,4.18586,-0.87,-1.4,-1.63,-1.17,-0.59,-0.69,-1.1,-1.8
1994,5,83.9464,19.7578,31.6462,25.677,71.249,28.7541,4.78431,0.17,-1.08,-1.56,-1.43,-0.69,-0.58,-1.21,-1.53
1994,6,59.0565,19.0337,30.8424,24.9132,70.9195,27.1907,5.96887,0.44,-0.58,-1.28,-1.55,-0.77,-0.58,-1.22,-1.31
1994,7,84.0631,18.2857,29.2074,23.7218,74.9992,26.0364,6.4644,1.22,-0.13,-0.85,-1.16,-0.73,-0.33,-1.12,-1.14
1994,8,96.7253,18.6654,29.6884,24.1519,74.3713,25.6209,6.00967,1.27,0.37,-0.22,-0.84,-0.57,-0.09,-0.9,-0.89
1994,9,61.6245,18.5256,30.6252,24.5521,70.6494,25.8865,5.10142,-0.65,0.43,0.05,-0.73,-0.47,-0.12,-0.92,-0.88
1994,10,64.2692,18.6618,30.8408,24.7266,71.2664,27.2939,4.12723,-0.57,0.45,-0.1,-0.72,-0.68,-0.27,-0.95,-0.82
1994,11,83.1709,17.5416,30.35,23.9209,73.325,27.661,4.17218,1.17,0.84,0.32,-0.14,-0.69,-0.14,-0.6,-0.56
1994,12,53.2653,16.9017,29.784,23.3186,71.3307,27.6331,4.74887,-0.1,0.63,0.41,0.16,-0.85,-0.28,-0.61,-0.57
1995,1,39.6738,16.7435,30.5445,23.6192,65.6405,27.2179,5.05835,-0.67,0.22,0.5,0.11,-0.82,-0.46,-0.53,-0.68
1995,2,47.0565,17.5446,31.237,24.3656,65.9307,27.857,4.202,0.49,-0.02,0.54,0.19,-0.8,-0.49,-0.46,-0.63
1995,3,74.7332,18.8097,32.2924,25.526,66.5743,28.4726,4.12373,0.29,0.19,0.54,0.38,-0.56,-0.3,-0.19,-0.65
1995,4,101.164,19.8271,32.1025,25.9399,69.59,29.0957,4.10586,0.42,0.53,0.43,0.65,-0.27,-0.3,-0.12,-0.54
1995,5,80.0645,19.8508,31.5679,25.6839,70.6557,28.8788,4.60012,-0.12,0.05,0.1,0.59,-0.05,-0.56,-0.05,-0.66
1995,6,56.3781,18.8962,30.8067,24.8267,70.9905,27.4319,5.56708,0.06,0.11,0.2,0.54,0.21,-0.69,-0.08,-0.69
1995,7,70.7962,18.3903,29.5412,23.9408,73.6943,26.4629,6.23917,-0.18,0.28,0.37,0.31,0.22,-0.6,-0.02,-0.74
1995,8,75.6536,19.0135,30.2461,24.6052,73.3401,26.0944,6.147,-0.57,-0.07,-0.15,-0.05,0.13,-0.68,-0.05,-0.76
1995,9,64.7297,18.8675,31.0314,24.9259,71.1158,26.4492,4.99833,-0.29,-0.26,-0.19,0,0.19,-0.57,-0.04,-0.75
1995,10,72.8541,19.2156,31.3454,25.2562,71.7594,27.354,4.35954,0.05,-0.38,-0.03,0.15,0.32,-0.36,-0.08,-0.71
1995,11,46.581,18.0723,30.8204,24.4219,68.4412,27.7087,4.21237,-1.23,-0.77,-0.5,-0.55,0.06,-0.38,-0.33,-0.72
1995,12,47.186,17.2773,30.4574,23.8416,68.8022,27.8867,4.54435,-0.57,-0.88,-0.69,-0.66,-0.1,-0.28,-0.49,-0.75
1996,1,49.0896,17.2145,30.811,23.988,66.6603,27.9106,4.76217,0.26,-0.73,-0.74,-0.45,-0.18,-0.18,-0.55,-0.62
1996,2,58.6273,18.193,31.9551,25.0494,62.3214,28.0495,4.43446,1.64,-0.21,-0.35,-0.21,-0.18,0.03,-0.46,-0.44
1996,3,88.2743,19.1197,32.2921,25.68,66.8751,28.7006,3.87161,1.23,0.21,-0.02,0.03,0.16,0.32,-0.17,-0.09
1996,4,84.9426,19.9735,32.0272,25.9756,70.0778,29.1671,4.0351,-0.87,-0.03,-0.2,-0.25,0.12,0.32,-0.35,-0.18
1996,5,94.1348,19.4803,31.1892,25.31,72.602,28.4211,4.75492,0.84,0.74,0.14,-0.01,0.02,0.47,-0.41,0
1996,6,62.1583,18.6017,30.4377,24.4959,72.8806,27.1815,6.04651,0.81,1.29,0.29,0.09,0.13,0.5,-0.45,0.03
1996,7,69.2074,18.3995,29.9674,24.1586,73.498,25.8055,6.50692,-0.42,1.18,0.25,0.05,0.17,0.31,-0.38,0.06
1996,8,76.4317,18.3322,29.8615,24.0713,72.0489,25.621,5.7372,-0.57,0.4,0.52,0.05,0.02,0.02,-0.45,0.02
1996,9,64.603,18.7104,30.9716,24.8163,69.451,25.9563,5.07922,-0.29,-0.19,0.65,0.05,-0.06,0.06,-0.38,0.02
1996,10,49.7471,18.5153,31.1467,24.8053,69.5012,26.588,4.42866,-1.67,-0.53,0.07,-0.35,-0.45,-0.11,-0.44,-0.21
1996,11,50.8998,17.6153,30.6614,24.1136,68.3,27.2587,4.50519,-0.92,-1.19,-0.59,-0.34,-0.64,-0.5,-0.42,-0.4
1996,12,35.0995,16.9629,30.8687,23.8902,66.3205,27.4798,4.35671,-1.66,-1.72,-1.3,-0.56,-0.93,-0.73,-0.45,-0.6
1997,1,43.9939,17.2769,31.1095,24.1675,64.7267,27.1368,4.89653,-0.24,-1.61,-1.12,-0.62,-0.98,-0.67,-0.42,-0.72
1997,2,24.6306,17.2458,30.9446,24.07,59.5086,27.1649,5.32087,-2.26,-1.89,-1.72,-1.21,-1.21,-0.94,-0.6,-0.95
1997,3,64.3005,19.3534,32.6416,25.9713,62.2075,28.3516,4.6397,-0.59,-1.9,-1.97,-1.59,-1.23,-1.06,-0.6,-0.9
1997,4,119.464,19.8662,31.943,25.8801,69.9193,29.0647,3.79401,1.73,-0.94,-1.42,-1,-0.88,-0.86,-0.26,-0.76
1997,5,71.4389,19.7949,31.3216,25.5331,68.6383,28.6466,4.47115,-0.8,-1.02,-1.47,-1.41,-0.8,-1.02,-0.4,-1.03
1997,6,60.1793,19.1763,30.906,25.0164,71.1687,27.8325,5.80438,0.57,-0.41,-1.32,-1.48,-0.61,-0.99,-0.4,-1.08
1997,7,67.441,18.6266,29.9393,24.2589,73.5833,26.6443,6.53034,-0.65,-0.55,-1.09,-1.51,-0.72,-1.06,-0.58,-1.04
1997,8,68.4659,18.3203,30.0191,24.1452,70.0902,26.3558,5.89252,-1.36,-0.39,-1.23,-1.55,-1.1,-1.14,-0.88,-1.17
1997,9,45.2267,19.197,31.5735,25.3607,66.2164,26.8353,5.16155,-2.97,-0.87,-1.37,-1.79,-1.59,-1.37,-1.04,-1.27
1997,10,115.944,18.9966,31.3092,25.1278,73.1877,27.6644,4.43125,2.48,-0.21,-0.24,-0.81,-0.87,-0.77,-0.49,-0.74
1997,11,110.938,17.9551,30.6019,24.2541,72.9508,28.3593,4.14735,2.6,1.29,1.13,0.24,-0.43,-0.01,-0.23,-0.22
1997,12,90.3429,17.1176,30.4983,23.7839,71.2143,28.2244,4.19782,2.23,1.79,1.84,1.25,-0.03,0.46,0.12,0.24
1998,1,76.8845,17.2861,30.6371,23.9359,69.7495,28.433,4.50503,2.59,2.4,1.97,1.83,0.54,0.91,0.59,0.66
1998,2,57.0923,18.3783,31.8356,25.0824,64.065,28.676,4.6226,1.46,2.82,2.36,2.23,0.86,0.85,0.67,0.77
1998,3,66.2672,19.2213,32.5459,25.858,63.0531,29.4176,4.17295,-0.42,2.98,2.17,2.19,0.78,0.58,0.56,0.75
1998,4,94.889,20.2509,32.6135,26.4082,65.6535,29.848,4.45986,-0.04,2.59,2.27,1.86,1.09,0.71,0.51,0.83
1998,5,93.8376,19.9966,31.8213,25.8843,67.038,29.3305,4.86682,0.84,2.17,2.62,2.21,1.49,0.75,0.66,0.92
1998,6,53.541,19.4034,31.5938,25.4741,69.0276,27.9295,6.20254,-0.2,1.47,2.9,2.14,1.72,0.65,0.63,0.87
1998,7,75.7939,18.6919,30.1256,24.3837,71.1026,26.1928,6.56962,0.38,0.69,2.52,2.27,1.75,0.74,0.67,0.78
1998,8,94.7209,18.6057,29.6841,24.12,71.7795,25.9603,6.0972,1.11,0.58,2.12,2.51,2.01,0.95,0.84,0.74
1998,9,65.6317,18.7498,30.8228,24.7612,68.6213,26.3737,5.19746,-0.17,0.71,1.4,2.66,2,0.93,0.83,0.75
1998,10,78.5838,18.8484,31.3493,25.073,68.6621,27.4702,4.23372,0.44,0.84,0.86,2.42,1.82,1.21,0.86,0.84
1998,11,47.2407,17.8359,31.3044,24.5452,64.1738,27.6245,4.12773,-1.23,0.02,0.11,1.56,1.79,1.17,0.86,0.53
1998,12,27.8432,16.9287,31.0273,23.9532,59.5539,27.8546,4.23944,-2.41,-0.58,-0.32,0.41,1.39,1.03,0.65,0.34
1999,1,47.7989,17.0418,31.0413,24.0162,61.1659,27.5036,4.58951,0.17,-0.59,-0.27,-0.11,1.69,1.24,0.77,0.55
1999,2,23.5935,18.1853,32.9978,25.5668,57.2166,27.8324,4.55698,-2.42,-1.33,-0.88,-0.69,1.65,1.18,0.4,0.32
1999,3,91.9202,18.8168,32.0365,25.4004,60.9662,28.7951,4.09395,1.49,-0.75,-0.41,-0.21,2.18,1.49,0.42,0.44
1999,4,78.8834,19.6785,32.3577,25.9935,64.3699,29.1648,4.43715,-1.4,-1.46,-0.82,-0.5,1.33,1.05,0.37,0.24
1999,5,69.4419,19.4879,31.8304,25.634,69.6607,28.7878,5.24629,-0.96,-1.55,-1.31,-0.94,0.48,1.08,0.11,0.14
1999,6,50.2295,18.7665,30.8704,24.795,69.0059,27.6553,6.05002,-0.75,-1.12,-1.38,-1.03,-0.15,0.95,-0.03,0.07
1999,7,67.5058,18.1771,29.4448,23.7864,72.1317,26.5807,6.64271,-0.53,-1.42,-1.78,-1.18,-0.67,0.97,-0.05,0.03
1999,8,100.289,18.0738,29.3814,23.7028,70.863,26.0299,6.01329,1.51,-0.11,-1.11,-1.01,-0.57,1.34,0.19,0.23
1999,9,72.6193,18.4594,30.6511,24.531,71.1178,26.4851,5.3761,0.63,-0.58,-0.38,-0.84,-0.4,1.63,0.27,0.29
1999,10,87.7048,18.0084,30.2554,24.1078,69.6473,26.9868,4.3819,0.98,0.4,-0.05,-0.8,-0.21,1.23,0.62,0.39
1999,11,64.3418,17.3044,30.5516,23.9023,63.5129,27.6087,4.26657,0.02,0.69,0.34,-0.57,-0.4,0.68,0.74,0.53
1999,12,42.3787,17.1522,30.5386,23.8207,64.1882,27.7888,4.41365,-1,0.45,-0.35,-0.29,-0.56,0.09,0.78,0.5
2000,1,29.6351,16.4929,30.9059,23.674,60.0895,27.6342,4.80964,-1.89,0.18,-0.33,-0.6,-0.87,-0.43,0.78,0.47
2000,2,26.4611,17.4767,31.8644,24.6447,54.3398,27.7152,4.8541,-2.1,-0.6,-0.39,-0.53,-1.39,-0.81,0.77,0.15
2000,3,64.733,18.6846,32.0673,25.3507,54.8021,28.5078,4.60304,-0.5,-0.82,-0.39,-0.97,-1.4,-0.81,0.77,-0.07
2000,4,74.8009,20.1635,32.6635,26.3885,61.3555,28.9815,4.26084,-1.77,-1.89,-0.72,-1.08,-1.84,-1.09,0.32,-0.17
2000,5,79.7828,19.7596,32.245,25.978,64.844,28.5109,5.21459,-0.12,-2.23,-1.09,-0.87,-1.63,-1.32,0.42,-0.31
2000,6,52.9816,19.0584,31.1866,25.0969,66.6872,27.2249,6.41602,-0.34,-2.29,-1.24,-0.83,-1.24,-1.37,0.34,-0.4
2000,7,78.1662,18.8215,29.9425,24.3577,67.6737,26.3968,6.56477,0.59,-1.6,-1.6,-0.65,-1.15,-1.36,0.44,-0.32
2000,8,82.3657,18.8205,30.326,24.5483,69.7362,26.3059,6.43141,-0.01,-0.92,-1.76,-0.91,-0.8,-1.51,0.57,-0.28
2000,9,64.5903,18.5886,31.0369,24.7877,67.0238,26.7057,5.32309,-0.29,-0.78,-1.59,-0.98,-1.08,-1.48,0.75,-0.28
2000,10,71.1994,18.3508,31.1686,24.7345,67.0267,27.0691,4.3571,-0.08,-0.15,-1.22,-1.43,-0.9,-1.5,0.29,-0.1
2000,11,72.4822,18.2116,31.1923,24.6775,65.5922,27.8643,4.27388,0.53,0.12,-0.57,-1.46,-0.65,-1.2,-0.09,0.06
2000,12,63.5049,16.9773,30.145,23.5358,64.5867,27.9368,4.29603,0.68,0.38,-0.2,-1,-0.45,-0.77,-0.35,0.32
2001,1,69.2259,17.0687,30.2787,23.6485,63.9239,27.4102,5.12305,1.99,0.74,0.66,-0.2,-0.02,-0.49,-0.39,0.68
2001,2,36.3428,17.8736,31.6704,24.7455,60.4976,27.4896,4.43026,-0.74,0.58,0.56,-0.02,-0.42,-0.34,-0.62,0.75
2001,3,76.0819,19.3443,32.6025,25.9486,61.1895,28.5956,3.95884,0.37,0.7,0.69,0.18,-0.41,-0.53,-0.51,0.82
2001,4,79.6154,20.5104,32.7873,26.6226,66.5659,29.3711,4.34671,-1.31,0.49,0.3,0.26,-0.9,-0.53,-0.69,0.47
2001,5,67.2985,19.906,31.9481,25.9016,65.7667,28.9069,5.27498,-1.12,-0.06,0.01,0.04,-1.15,-0.58,-0.99,0.43
2001,6,58.2709,18.8534,30.5183,24.6624,68.6955,27.4703,6.11151,0.32,-0.31,0.09,0.12,-0.91,-0.49,-0.96,0.4
2001,7,85.2723,18.7496,29.8279,24.2647,70.0646,26.2409,6.41962,1.33,-0.69,0.39,0.24,-0.45,-0.27,-0.86,0.55
2001,8,81.6762,18.5675,30.1204,24.3193,72.0932,25.9583,6.2483,-0.01,-0.43,0.26,0.23,-0.19,-0.51,-0.98,0.65
2001,9,63.6374,18.8489,31.2718,25.0354,67.0693,26.6907,4.78259,-0.41,-0.68,-0.05,0.2,-0.14,-0.61,-0.99,0.79
2001,10,71.9139,18.8838,31.6447,25.2382,65.8946,27.0998,4.4609,-0.02,-0.18,-0.6,0.23,0.11,-0.77,-1.03,0.39
2001,11,63.2537,17.7155,30.9766,24.3205,65.1092,27.9038,4.26316,-0.05,0.2,-0.43,0.07,0.11,-0.79,-0.88,-0.01
2001,12,46.8905,17.223,31.0444,24.1084,63.3092,28.1387,4.40591,-0.57,-0.06,-0.65,-0.25,0.04,-0.74,-0.69,-0.35
2002,1,62.5059,16.8431,30.3532,23.5726,62.4819,27.8235,4.92859,1.51,0.04,0.01,-0.33,0.27,-0.32,-0.52,-0.44
2002,2,45.2755,18.2815,31.8607,25.046,59.3188,27.9149,5.04464,0.29,0.09,0.35,-0.16,0.31,-0.08,-0.31,-0.55
2002,3,77.0907,19.4972,32.7107,26.0789,61.1235,28.6368,4.22609,0.44,0.29,0.41,-0.13,0.41,0.07,-0.46,-0.45
2002,4,98.5632,20.6893,32.8025,26.7204,63.1242,29.0689,4.48557,0.27,0.42,0.24,0.2,0.48,0.36,-0.27,-0.43
2002,5,67.938,20.3719,32.3768,26.3492,63.0359,28.6017,4.88235,-1.04,0.13,-0.03,0.21,0.16,0.23,-0.28,-0.68
2002,6,48.6386,19.278,31.562,25.395,67.0439,27.2667,6.13596,-0.89,0.17,-0.09,0.05,-0.09,0.17,-0.31,-0.74
2002,7,66.7592,19.0328,30.7578,24.8703,66.8924,26.2814,6.11237,-0.65,-0.59,-0.2,-0.26,-0.51,0.02,-0.32,-0.82
2002,8,74.9374,19.1265,30.6462,24.8623,69.2968,26.1084,6.30553,-0.66,-0.85,-0.36,-0.36,-0.48,-0.08,-0.58,-1
2002,9,61.0929,19.2134,31.5495,25.356,67.8221,26.9319,5.10642,-0.77,-1.24,-0.36,-0.38,-0.6,-0.13,-0.69,-1.03
2002,10,82.6574,18.8989,31.5905,25.219,67.0862,27.1226,4.19919,0.69,-0.92,-0.51,-0.25,-0.27,0.02,-0.72,-0.97
2002,11,64.2376,18.7517,31.2599,24.9816,65.4965,28.0132,3.89503,0.02,-0.46,-0.52,-0.28,-0.09,-0.08,-0.73,-0.83
2002,12,74.0876,17.6406,30.6888,24.14,65.5818,28.1149,4.08964,1.32,0.2,-0.2,0.24,0.13,0.01,-0.42,-0.42
2003,1,43.3862,17.3871,31.0446,24.1911,62.233,27.4098,4.42863,-0.34,0.24,-0.33,-0.11,-0.03,-0.25,-0.25,-0.44
2003,2,36.5505,18.3913,32.4893,25.4151,58.0007,27.9025,4.40827,-0.62,0.26,-0.16,-0.25,-0.13,-0.24,-0.14,-0.32
2003,3,62.6995,19.6441,33.1173,26.3563,57.7412,28.6958,4.01473,-0.67,0.23,-0.17,-0.47,-0.2,-0.39,-0.16,-0.58
2003,4,93.9627,20.4433,33.0494,26.7215,63.4842,29.4523,4.07947,-0.12,-0.03,-0.1,-0.57,-0.22,-0.23,0.02,-0.47
2003,5,83.162,20.483,32.5809,26.5081,64.6899,29.2385,4.65163,0.1,-0.01,0.05,-0.3,-0.19,-0.03,0.06,-0.35
2003,6,58.2182,19.5387,31.127,25.3087,69.3692,27.7719,6.20517,0.32,-0.58,0.2,-0.15,-0.05,-0.04,0.1,-0.29
2003,7,78.0115,18.5396,29.5999,24.0448,70.9326,26.5486,7.10509,0.59,-0.3,0.13,0.04,-0.21,-0.14,0.09,-0.21
2003,8,85.0394,18.6692,30.1565,24.3875,70.0807,25.8187,6.10548,0.26,-0.01,0.21,0.2,-0.19,-0.1,0.11,-0.35
2003,9,69.8816,19.122,30.8839,24.9779,67.8266,26.6044,5.30311,0.29,0.34,-0.19,0.32,-0.22,-0.03,0.16,-0.38
2003,10,66.3908,18.8888,31.6842,25.2612,64.1436,27.1597,4.17982,-0.43,0.17,-0.27,0.06,-0.37,-0.1,0.1,-0.56
2003,11,49.3076,18.4096,31.5419,24.9506,65.9958,27.4179,3.95619,-1.07,-0.28,-0.46,-0.24,-0.41,-0.27,-0.13,-0.69
2003,12,47.3682,17.1226,30.827,23.9491,65.5169,27.5491,4.20331,-0.57,-0.49,-0.41,-0.76,-0.44,-0.29,-0.3,-0.62
2004,1,50.0389,18.108,31.4672,24.7614,65.2846,27.5945,4.32473,0.36,-0.5,-0.29,-0.58,-0.28,-0.42,-0.46,-0.43
2004,2,47.5063,18.1893,31.8354,24.9867,59.6864,27.6804,4.74522,0.6,-0.44,-0.19,-0.35,-0.1,-0.38,-0.34,-0.23
2004,3,60.3267,19.2162,32.6905,25.9278,59.1217,28.2729,4.46286,-0.93,-0.71,-0.45,-0.38,-0.17,-0.58,-0.5,-0.28
2004,4,101.594,20.2144,32.1275,26.1461,68.331,29.1827,3.9972,0.5,-0.49,-0.44,-0.25,-0.24,-0.56,-0.29,-0.06
2004,5,58.8264,20.0105,32.4458,26.2043,64.2931,28.5396,5.29022,-1.8,-0.79,-0.93,-0.67,-0.6,-0.7,-0.38,-0.25
2004,6,52.3023,18.9183,30.89,24.8795,68.8168,26.8673,6.47778,-0.47,-0.81,-1.05,-0.8,-0.96,-0.68,-0.46,-0.27
2004,7,62.5702,18.6557,30.4076,24.5081,70.1061,26.0274,6.65425,-1.14,-1.35,-1.22,-1.07,-1.02,-0.75,-0.69,-0.41
2004,8,78.8364,18.8749,30.4982,24.6606,70.6605,26.2218,6.25629,-0.29,-1.52,-1.06,-1.1,-0.91,-0.68,-0.71,-0.45
2004,9,63.4241,18.8977,31.0583,24.9535,68.919,26.6306,5.00797,-0.53,-1.27,-1.04,-1.15,-0.82,-0.63,-0.71,-0.46
2004,10,78.2824,18.779,31.1186,24.9234,69.5818,27.4349,4.34355,0.37,-1.2,-1,-1.09,-0.75,-0.66,-0.63,-0.4
2004,11,67.1052,18.158,30.9291,24.5182,69.3545,28.0594,4.06667,0.21,-0.38,-0.97,-0.87,-0.76,-0.64,-0.6,-0.45
2004,12,56.101,17.3474,30.4861,23.892,69.6519,28.0894,4.22018,0.13,-0.22,-0.63,-0.68,-0.79,-0.86,-0.51,-0.49
2005,1,53.7435,16.7554,30.7644,23.7348,64.3254,27.3387,4.37212,0.73,0.18,-0.6,-0.56,-0.77,-0.73,-0.59,-0.61
2005,2,35.5594,18.9055,33.3366,26.0955,61.2353,27.5228,4.63481,-0.74,0.09,-0.25,-0.75,-0.96,-0.72,-0.68,-0.61
2005,3,68.883,19.7972,32.9988,26.3718,63.2635,28.5,4.06427,-0.18,0.14,-0.21,-0.55,-0.99,-0.64,-0.76,-0.66
2005,4,75.5533,20.729,33.0759,26.8771,64.7569,29.5362,4.30498,-1.68,-0.44,-0.42,-1.04,-1.21,-0.89,-1.03,-0.72
2005,5,86.9494,19.94,31.6606,25.775,68.8014,29.0521,4.7511,0.37,-0.45,-0.25,-0.53,-0.91,-0.87,-0.84,-0.55
2005,6,53.5254,19.1427,30.8182,24.956,67.0402,27.6555,6.23945,-0.2,-0.65,-0.2,-0.51,-0.81,-0.95,-0.8,-0.6
2005,7,73.1489,18.8863,29.9293,24.3828,70.9621,26.2883,6.84058,0.04,-0.94,-0.32,-0.33,-0.84,-1.03,-0.73,-0.71
2005,8,83.5947,18.9784,30.4746,24.701,70.5571,25.9785,6.19594,0.17,-0.59,-0.38,-0.23,-0.83,-1.02,-0.63,-0.7
2005,9,64.9141,19.2968,31.2789,25.2628,68.1207,26.4209,5.50354,-0.29,-0.58,-0.5,-0.18,-0.67,-1.06,-0.58,-0.68
2005,10,61.3116,18.9235,31.3956,25.1349,67.3805,27.2065,4.32368,-0.79,-0.29,-0.97,-0.51,-0.94,-1.07,-0.78,-0.76
2005,11,41.307,18.2555,31.2089,24.7077,65.0896,27.8659,4.15261,-1.75,-1.05,-1.26,-1.11,-0.99,-1.18,-1.02,-0.95
2005,12,38.1863,17.2347,31.0816,24.1334,59.9053,27.9024,4.56455,-1.36,-1.31,-1.48,-1.46,-1.19,-1.28,-1.37,-1
2006,1,34.916,18.0307,31.8641,24.9225,62.9286,27.4923,4.5491,-1.25,-1.54,-1.29,-1.78,-1.28,-1.53,-1.51,-1.32
2006,2,42.286,18.8962,32.8537,25.8497,61.8318,27.4635,4.15821,-0.04,-1.58,-1.38,-1.56,-1.29,-1.57,-1.45,-1.33
2006,3,79.9338,19.4917,32.677,26.0601,63.1897,28.3691,3.95811,0.66,-1.23,-1.13,-1.3,-1.03,-1.29,-1.26,-1.27
2006,4,98.7295,20.0119,32.1285,26.0443,65.9639,29.0475,4.29824,0.27,-1.01,-1.08,-0.91,-1.07,-1.36,-1.23,-1.3
2006,5,92.598,19.8846,31.5142,25.6745,68.8543,28.8588,4.70227,0.78,-0.2,-0.87,-0.8,-0.96,-0.96,-1.15,-1.09
2006,6,52.3544,19.0947,30.9837,25.014,69.7547,27.3074,6.2635,-0.47,0.17,-0.89,-0.85,-1.03,-0.99,-1.23,-1.07
2006,7,78.0011,18.7931,29.9484,24.3475,71.3055,26.2122,6.57822,0.59,0.75,-0.62,-0.76,-1.04,-0.8,-1.22,-0.97
2006,8,89.6478,18.8253,30.0608,24.4175,71.8526,26.1621,6.0308,0.69,0.95,0.03,-0.61,-0.76,-0.64,-1.14,-0.83
2006,9,81.076,18.7504,30.6973,24.6992,69.464,26.7632,5.53962,1.48,1.11,0.72,-0.32,-0.51,-0.39,-1.01,-0.65
2006,10,74.7501,19.2772,31.6109,25.4199,70.5649,27.3938,4.62472,0.18,0.98,1.04,-0.13,-0.23,-0.41,-0.89,-0.7
2006,11,84.7855,17.9747,30.5621,24.2437,69.9242,28.0535,3.96766,1.29,1.14,1.38,0.67,-0.04,-0.2,-0.54,-0.53
2006,12,77.5382,17.2522,29.5373,23.3702,70.9421,28.2571,4.3954,1.56,1.58,1.55,1.4,0.3,0.03,-0.24,-0.47
2007,1,49.7845,16.8836,30.086,23.4606,66.7097,28.0475,4.62978,0.36,1.47,1.56,1.66,0.44,0.05,-0.19,-0.38
2007,2,43.6955,18.2169,31.9311,25.0482,60.967,28.2251,4.55174,0.18,1.3,1.35,1.59,0.43,0.14,-0.24,-0.32
2007,3,67.0817,19.4442,33.107,26.2508,61.8747,28.9,4.27427,-0.34,0.92,1.32,1.33,0.38,0.12,-0.17,-0.29
2007,4,84.7974,20.2408,32.6865,26.439,66.1379,29.635,4.0197,-0.87,0.76,1.04,1.13,0.39,0.23,-0.36,-0.39
2007,5,79.0701,20.5793,32.4469,26.4884,69.9967,29.3383,5.09428,-0.19,0.24,0.81,0.9,0.71,0.14,-0.16,-0.43
2007,6,67.8632,19.1295,30.6881,24.8851,70.32,27.9558,6.41544,1.52,-0.09,0.77,1.17,1.11,0.31,0,-0.35
2007,7,99.2801,18.422,29.2867,23.8306,72.2163,26.8263,6.29586,2.68,0.69,1.33,1.51,1.61,0.65,0.37,-0.17
2007,8,103.795,18.6503,29.8396,24.219,72.9843,26.6108,6.15569,1.82,1.25,1.49,1.62,1.79,0.88,0.61,-0.01
2007,9,79.6802,19.1744,31.2638,25.1942,70.0808,26.9319,5.44515,1.38,1.76,1.31,1.52,1.76,1.03,0.76,0.07
2007,10,65.3169,18.7659,31.6031,25.159,67.4405,27.3563,4.29774,-0.5,1.68,1.06,1.54,1.64,1.02,0.61,0.04
2007,11,56.6187,18.2605,31.2362,24.7226,65.5915,27.8214,4.0816,-0.47,1.43,0.78,1.19,1.45,1.2,0.51,0.1
2007,12,55.7105,17.6728,30.7836,24.2028,64.6911,27.9142,4.3804,0.13,1.03,0.84,0.78,1.52,1.35,0.49,0.2
2008,1,47.2703,17.6115,31.2841,24.4233,63.8333,27.5449,4.55083,0.07,0.44,1.06,0.74,1.66,1.67,0.54,0.28
2008,2,49.249,17.4833,31.3008,24.3676,58.4382,27.4381,5.24416,0.7,0.09,1.2,0.77,1.67,1.7,0.65,0.27
2008,3,77.578,19.1567,32.275,25.6904,60.9977,28.084,3.97206,0.51,-0.02,1.09,0.93,1.5,1.66,0.73,0.41
2008,4,82.3567,19.8583,32.0168,25.9118,67.5891,28.6286,4.36826,-1.13,-0.17,0.36,0.9,1.26,1.49,0.8,0.22
2008,5,76.3376,19.7152,31.7233,25.6939,67.514,28.4977,5.10875,-0.41,-0.17,-0.18,0.85,0.9,1.35,0.69,0.37
2008,6,64.3535,18.8429,30.5794,24.6865,68.7883,27.4429,6.44249,1.05,0.01,-0.26,0.79,0.66,1.51,0.79,0.47
2008,7,72.3965,18.6428,29.9964,24.295,68.4539,26.2839,6.8457,-0.07,-0.03,-0.14,0.33,0.58,1.44,0.76,0.53
2008,8,79.3793,19.0661,30.4406,24.7281,68.848,26.0484,6.17996,-0.29,-0.33,-0.06,-0.09,0.48,1.26,0.69,0.51
2008,9,71.5196,19.3245,31.607,25.4411,66.531,26.2922,5.0035,0.52,-0.39,0,-0.21,0.57,1.11,0.74,0.57
2008,10,78.9167,18.9734,31.2978,25.1101,66.5594,27.133,4.08243,0.44,0.23,0.14,-0.01,0.79,1.1,0.89,0.55
2008,11,70.8311,17.8822,30.9289,24.3803,65.8532,27.7199,3.9498,0.47,0.54,0.13,0.24,0.94,0.94,1.17,0.57
2008,12,41.1125,17.4646,30.8042,24.1096,62.0689,27.7,4.10387,-1.09,-0.04,-0.28,-0.04,0.59,0.47,1.16,0.46
2009,1,44.6191,17.8226,31.4071,24.5901,63.0173,27.499,4.22501,-0.13,-0.05,-0.03,-0.05,0.29,0.51,1.44,0.53
2009,2,50.8674,18.5849,32.0946,25.3141,59.9793,28.1338,4.00037,0.89,0.2,0.25,-0.02,0.07,0.58,1.51,0.64
2009,3,64.5765,19.6101,32.627,26.0939,57.0428,28.695,3.8351,-0.5,-0.02,-0.02,-0.23,-0.21,0.55,1.33,0.57
2009,4,82.191,20.6029,33.0574,26.8045,65.1271,29.3493,4.12006,-1.13,-0.51,-0.28,-0.24,-0.31,0.52,1.18,0.62
2009,5,59.8504,20.4184,32.4575,26.4133,65.8892,29.1303,4.52937,-1.71,-1.43,-0.64,-0.51,-0.55,0.3,0.86,0.38
2009,6,44.5063,19.8168,31.9967,25.8817,66.5219,28.1442,5.40137,-1.48,-1.61,-0.93,-0.87,-0.74,0,0.78,0.29
2009,7,74.7337,18.7638,30.1582,24.436,69.7655,26.7661,6.59899,0.27,-1.57,-1.11,-0.81,-0.69,-0.33,0.73,0.29
2009,8,77.8661,19.3476,31.007,25.1521,67.446,26.5531,5.96869,-0.38,-1.87,-1.49,-0.77,-0.78,-0.67,0.59,0.22
2009,9,60.3399,19.7247,32.1858,25.9311,67.6586,26.8845,4.9386,-0.9,-1.89,-1.42,-0.92,-0.94,-0.9,0.37,0.17
2009,10,74.7894,19.3071,31.8404,25.5493,66.7159,27.5472,4.13569,0.18,-1.23,-1.32,-1.12,-0.75,-0.74,0.35,0.27
2009,11,65.2987,18.6398,31.1363,24.8624,65.8979,28.1654,3.61187,0.08,-0.49,-1.38,-1.4,-0.69,-0.65,0.15,0.46
2009,12,62.3587,18.4426,31.1186,24.7556,65.4406,28.3947,3.72145,0.55,-0.01,-0.99,-0.96,-0.72,-0.59,-0.01,0.67
2010,1,46.638,17.9072,31.3327,24.5954,65.5063,28.6352,4.26036,0.07,-0.05,-0.68,-0.87,-0.71,-0.57,0.03,0.95
2010,2,57.5607,19.1979,32.2285,25.6878,67.6001,28.8355,3.84624,1.55,0.37,0.08,-0.69,-0.45,-0.45,0.16,1.06
2010,3,82.4591,19.6494,32.5175,26.0596,67.4871,29.5037,3.57736,0.81,0.72,0.49,-0.36,-0.33,-0.39,0.3,1.03
2010,4,87.9162,20.8314,33.2716,27.0255,68.4354,29.9154,4.04651,-0.62,0.6,0.3,-0.27,-0.56,-0.33,0.33,0.94
2010,5,76.8899,20.4996,32.3187,26.3842,71.9972,29.2521,4.46437,-0.34,0.53,0.27,0.03,-0.75,-0.33,0.32,0.8
2010,6,63.3367,19.3528,31.1586,25.2314,72.3432,28.0007,5.75184,0.93,0.61,0.52,0.33,-0.43,-0.36,0.25,0.88
2010,7,77.8517,18.8218,29.7155,24.2436,72.5242,26.724,6.62965,0.59,0.82,0.65,0.38,-0.31,-0.29,0.03,0.87
2010,8,79.5915,18.9372,30.2195,24.5535,73.1448,25.9998,6.20672,-0.19,0.21,0.65,0.39,-0.44,-0.27,-0.23,0.75
2010,9,60.4565,19.1704,31.2444,25.1826,70.5838,26.3652,5.10365,-0.9,-0.35,0.33,0.37,-0.43,-0.42,-0.43,0.55
2010,10,71.1416,19.3746,31.9106,25.6171,68.3636,27.1715,3.92185,-0.08,-0.15,0.28,0.34,-0.29,-0.5,-0.36,0.49
2010,11,52.9687,18.8327,31.7063,25.2449,68.1648,27.9546,3.64699,-0.76,-0.3,-0.32,0.13,-0.16,-0.72,-0.4,0.22
2010,12,48.2574,17.9621,31.2984,24.6063,66.7559,28.1937,3.75869,-0.49,-0.61,-0.65,-0.14,-0.11,-0.65,-0.48,-0.01
2011,1,36.1922,17.2211,30.9134,24.0417,63.3657,27.9628,4.21905,-1.13,-0.95,-0.7,-0.32,-0.26,-0.75,-0.58,-0.06
2011,2,42.6892,18.3805,32.1762,25.2531,61.0724,27.8811,4.27087,0.07,-0.88,-0.57,-0.57,-0.21,-0.84,-0.64,-0.08
2011,3,76.6743,19.1608,32.4752,25.7923,60.2967,28.6233,3.55038,0.44,-0.53,-0.58,-0.62,0,-0.68,-0.65,0
2011,4,84.991,20.4148,33.0365,26.7005,63.1996,29.3239,3.95573,-0.87,-0.83,-0.92,-0.7,-0.21,-0.66,-0.64,-0.01
2011,5,83.0863,20.1023,32.1246,26.089,69.5513,29.062,4.57588,0.1,-0.62,-0.83,-0.58,-0.21,-0.38,-0.57,0.02
2011,6,51.5594,19.5961,31.5573,25.5518,70.4221,28.0587,5.50642,-0.47,-0.65,-0.75,-0.8,-0.38,-0.3,-0.71,-0.14
2011,7,66.7777,19.0424,30.3676,24.6814,71.3187,26.965,6.13521,-0.65,-0.52,-0.92,-0.99,-0.46,-0.42,-0.77,-0.43
2011,8,83.7923,18.836,30.0618,24.4236,71.1718,26.6222,5.9143,0.17,-0.43,-0.7,-0.86,-0.62,-0.34,-0.7,-0.62
2011,9,84.3863,19.2477,31.0191,25.109,71.0999,26.8729,5.13919,1.79,-0.07,-0.19,-0.43,-0.51,-0.03,-0.57,-0.58
2011,10,67.5694,18.303,31.1339,24.6937,70.3949,27.4941,3.85287,-0.29,0.11,-0.05,-0.55,-0.49,-0.11,-0.66,-0.54
2011,11,73.8544,18.1803,30.66,24.3949,71.2997,28.2332,3.61328,0.65,0.33,0.15,-0.22,-0.31,-0.01,-0.64,-0.4
2011,12,66.1593,16.9752,30.0114,23.468,70.0469,28.3104,3.82866,0.82,0.63,0.25,0.13,-0.27,0.01,-0.4,-0.3
2012,1,35.095,16.8225,30.6558,23.7139,65.7054,27.8529,4.71875,-1.25,0.48,0.25,0.13,-0.49,-0.07,-0.47,-0.36
2012,2,35.901,17.9057,32.7587,25.3069,62.6176,27.8287,4.25403,-0.74,0.28,0.1,0,-0.59,-0.35,-0.63,-0.49
2012,3,55.2809,19.0356,32.3303,25.6573,61.2574,28.4702,3.78794,-1.39,-0.4,-0.13,-0.36,-0.7,-0.68,-0.73,-0.69
2012,4,99.5267,19.9484,32.2283,26.063,66.1079,29.3678,3.80861,0.35,-0.24,0.05,-0.11,-0.62,-0.54,-0.56,-0.55
2012,5,79.6904,19.9305,31.7713,25.8259,70.7593,28.9532,4.56129,-0.12,-0.62,-0.03,-0.16,-0.49,-0.52,-0.36,-0.53
2012,6,58.3418,19.0946,30.9247,24.9851,69.122,27.6774,5.78914,0.32,-1.05,-0.3,-0.07,-0.35,-0.61,-0.23,-0.59
2012,7,76.6433,18.3187,29.5634,23.9163,72.158,26.6105,6.07817,0.49,-0.55,-0.14,0.11,-0.12,-0.64,-0.22,-0.55
2012,8,85.5651,18.6785,29.7367,24.1823,71.9221,26.6609,5.63165,0.34,-0.17,-0.29,0.13,-0.06,-0.55,-0.13,-0.49
2012,9,69.2264,18.986,31.2078,25.0723,72.3568,27.1511,4.84137,0.18,0.4,-0.55,-0.1,-0.11,-0.42,-0.04,-0.51
2012,10,71.6634,19.0297,31.5166,25.2471,70.0386,27.8104,3.94309,-0.02,0.23,-0.29,-0.06,0.01,-0.39,-0.07,-0.57
2012,11,66.8777,18.1818,30.9786,24.5554,69.293,28.352,3.33666,0.21,0.33,-0.06,-0.22,0.02,-0.22,-0.06,-0.61
2012,12,64.1106,17.1081,30.2586,23.6576,69.3855,28.4828,3.6073,0.68,0.45,0.45,-0.25,0.19,-0.06,-0.05,-0.39
2013,1,49.2767,17.8765,31.5436,24.6851,66.7312,28.1959,4.30787,0.26,0.39,0.42,0.04,0.39,0.16,0.04,-0.32
2013,2,32.9083,18.5191,32.4123,25.4406,62.7876,28.1558,4.1838,-1.12,0.09,0.27,-0.02,0.21,0.03,-0.23,-0.49
2013,3,91.9933,19.6175,32.7306,26.1483,67.4789,28.6665,3.51887,1.49,0.49,0.62,0.61,0.27,0.21,-0.13,-0.24
2013,4,100.723,20.1544,32.6088,26.3563,72.456,29.2155,3.60879,0.42,0.69,0.64,0.64,0.4,0.41,-0.01,-0.09
2013,5,84.2141,20.0685,32.2133,26.116,70.7837,28.6587,4.87079,0.17,0.77,0.58,0.7,0.3,0.45,0.07,0.12
2013,6,44.7385,19.0858,31.0995,25.0679,69.2979,27.3623,5.9194,-1.48,0.27,0.34,0.49,-0.05,0.35,-0.14,0.11
2013,7,65.6266,18.6465,30.1595,24.378,72.0964,26.4015,6.41928,-0.77,-0.03,0.27,0.29,0.03,0.33,-0.27,0.02
2013,8,97.5762,18.6543,29.876,24.24,72.2338,26.0727,5.80432,1.35,0.77,0.59,0.47,0.33,0.5,-0.08,0.18
2013,9,72.7716,19.1406,31.2519,25.1718,70.6212,26.6394,4.63051,0.63,0.31,0.52,0.5,0.6,0.34,0.05,0.28
2013,10,73.0203,18.9347,31.4782,25.1801,69.6476,27.615,4.11957,0.05,0.14,0.46,0.57,0.55,0.38,0.06,0.24
2013,11,71.6124,18.4423,31.2841,24.8395,69.858,28.2381,3.60269,0.53,0.28,0.78,0.71,0.69,0.36,0.24,0.29
2013,12,56.7498,16.7887,30.1158,23.4265,68.3813,28.0575,3.77922,0.2,0.54,0.37,0.58,0.68,0.22,0.31,0.27
2014,1,43.5429,17.1197,30.813,23.9408,66.8533,27.4112,4.30873,-0.24,0.61,0.23,0.5,0.71,0.41,0.49,0.36
2014,2,43.8734,18.1222,31.5302,24.8011,63.769,27.6816,4.61883,0.18,0.28,0.21,0.66,0.67,0.49,0.49,0.22
2014,3,64.3024,19.6121,32.612,26.0874,63.4123,28.5798,3.70462,-0.59,0.02,0.28,0.18,0.52,0.59,0.34,0.04
2014,4,91.8374,19.8747,32.265,26.0454,68.1827,29.3181,3.7968,-0.29,-0.07,0.34,0.02,0.46,0.51,0.42,0.06
2014,5,84.753,19.8865,31.5834,25.7101,72.0167,29.2149,4.5916,0.24,-0.23,0.08,0.04,0.48,0.6,0.44,0.13
2014,6,53.3645,19.6584,31.3449,25.4773,71.0797,27.7221,5.4993,-0.34,-0.45,-0.07,0.18,0.28,0.53,0.44,0.03
2014,7,78.0997,18.9403,30.0216,24.4566,73.1666,26.4915,6.014,0.59,-0.2,0.03,0.38,0.32,0.54,0.54,0.02
2014,8,88.4107,19.0926,29.9409,24.491,71.2681,26.2395,5.47166,0.52,-0.04,-0.01,0.2,0.5,0.55,0.57,0.08
2014,9,75.5111,18.955,30.7284,24.8169,70.1132,26.7254,4.9303,0.96,0.46,0.12,0.23,0.33,0.61,0.48,0.2
2014,10,81.1891,18.7468,30.9153,24.8055,71.5814,27.7679,3.5273,0.56,0.76,0.37,0.39,0.36,0.69,0.58,0.27
2014,11,65.6982,18.4767,31.0242,24.7245,67.7328,28.5411,3.52706,0.15,0.66,0.34,0.3,0.36,0.67,0.5,0.37
2014,12,55.5334,17.0741,30.3446,23.6847,67.0361,28.4022,4.00885,0.13,0.67,0.49,0.28,0.52,0.54,0.39,0.45
2015,1,43.555,16.5187,30.436,23.4524,65.9948,27.6285,4.93599,-0.24,0.48,0.52,0.3,0.69,0.59,0.59,0.67
2015,2,38.9073,18.0737,32.7625,25.3931,59.721,27.8905,4.04667,-0.38,0.26,0.39,0.19,0.4,0.64,0.6,0.61
2015,3,61.0493,19.6026,32.9926,26.272,60.5457,28.8758,4.16408,-0.85,-0.12,0.25,0.14,0.15,0.26,0.65,0.43
2015,4,97.2342,19.9312,32.1225,26.0015,67.1007,29.7819,3.59569,0.11,-0.31,0.17,0.23,0.15,0.21,0.62,0.53
2015,5,90.8452,20.1288,31.7741,25.926,70.2563,29.3095,4.49107,0.64,-0.17,0.21,0.33,0.18,0.32,0.75,0.6
2015,6,62.5661,19.5413,31.3081,25.3992,69.813,27.7535,5.40028,0.93,-0.02,0.18,0.5,0.24,0.54,0.79,0.69
2015,7,62.7781,18.8725,30.3741,24.5986,68.9597,27.0074,5.9415,-1.14,-0.27,-0.16,0.24,0.13,0.5,0.63,0.64
2015,8,82.9096,19.0284,30.7096,24.8433,69.847,27.0446,5.58942,0.08,-0.11,-0.2,0.15,0.11,0.29,0.58,0.61
2015,9,66.7899,19.6221,31.9764,25.7731,67.9852,27.6751,4.86583,-0.05,0.22,-0.26,0,0.2,0.21,0.55,0.44
2015,10,80.445,19.731,31.987,25.8345,69.3692,28.3953,4.04412,0.5,0.37,-0.03,-0.02,0.34,0.28,0.6,0.52
2015,11,79.8028,18.6619,30.9437,24.7772,72.0497,28.9064,3.65531,1,0.51,0.38,0.22,0.51,0.37,0.72,0.56
2015,12,60.3368,17.7182,29.9255,23.7969,70.5375,28.7982,3.78402,0.41,0.4,0.66,0.3,0.61,0.37,0.66,0.52
2016,1,63.1769,18.0016,30.7658,24.3581,69.1856,28.3984,4.27537,1.51,0.94,0.96,0.66,0.9,0.7,0.94,0.93
2016,2,47.1253,18.6172,32.0271,25.2973,66.878,28.4187,4.42042,0.49,0.99,0.85,0.76,0.89,0.71,1.06,1
2016,3,62.7408,20.6693,34.0757,27.3475,64.9783,29.5286,3.59209,-0.67,0.8,0.56,0.77,0.61,0.69,0.75,1.02
2016,4,121.981,20.6047,32.6333,26.5941,71.4975,29.9334,3.87511,1.94,1.33,1.22,1.2,0.86,1.06,0.97,1.22
2016,5,87.5274,20.0878,31.6318,25.8348,71.7378,28.9995,4.81196,0.44,1.28,1.27,1.15,0.94,1.15,1.03,1.3
2016,6,56.1932,19.3929,31.2022,25.2728,70.9449,27.4038,6.04208,0.06,1.35,1.25,1.04,0.91,1.19,1.13,1.26
2016,7,77.8947,18.872,30.0698,24.446,73.2873,26.2657,6.22756,0.59,1.09,1.36,1.28,0.99,1.2,1.23,1.25
2016,8,86.8616,19.0421,30.3619,24.6758,72.0238,26.4049,5.90181,0.43,1.01,1.28,1.26,1.04,1.15,1.08,1.23
2016,9,64.6167,19.1118,31.2255,25.1443,68.3327,26.6175,5.19025,-0.29,1.2,1.15,1.16,1.09,0.98,0.99,1.16
2016,10,60.8054,19.2693,31.8566,25.5392,64.7613,27.3393,4.22995,-0.79,0.03,0.51,0.99,0.93,0.7,0.84,1.02
2016,11,64.4467,18.2603,31.1298,24.6703,64.9657,28.2328,4.00821,0.02,-0.14,0.36,0.79,0.83,0.67,0.76,0.99
2016,12,57.1017,17.6216,30.9143,24.2431,64.0794,28.3427,3.88537,0.2,-0.08,0.55,0.72,0.76,0.64,0.73,0.94
2017,1,35.1638,17.2671,31.8026,24.51,58.0171,28.1101,4.21842,-1.25,-0.45,-0.19,0.23,0.87,0.65,0.78,1.03
2017,2,52.16,18.0544,31.4399,24.7217,63.2664,28.1821,4.47356,0.99,-0.35,-0.12,0.3,1.01,0.78,0.85,1.16
2017,3,74.325,19.4592,32.5141,25.9614,62.6231,28.9692,3.86425,0.21,-0.21,-0.06,0.48,1.01,0.92,0.93,0.95
2017,4,114.472,20.3177,32.5529,26.41,66.3678,29.8297,4.70411,1.38,0.46,0.18,0.35,1.16,1.15,1.16,1.07
2017,5,94.2061,20.2338,31.8052,25.9949,72.0828,29.5659,5.10821,0.84,0.85,0.31,0.45,1.14,1.24,1.27,1.16
2017,6,57.4609,19.6393,31.2865,25.4387,70.6903,28.1605,6.22766,0.19,0.96,0.36,0.47,1.05,1.17,1.3,1.25
2017,7,77.9058,19.0327,30.1483,24.5661,69.7302,27.2459,6.80254,0.59,1.57,0.75,0.46,0.86,1.37,1.28,1.34
2017,8,86.0365,19.3686,30.3993,24.8588,71.6379,26.9785,6.41647,0.34,1.28,0.92,0.42,0.8,1.36,1.22,1.2
2017,9,79.3301,19.4193,31.2124,25.2913,69.2127,27.3397,5.34811,1.27,1.55,1.15,0.61,1.02,1.46,1.23,1.22
2017,10,88.2662,19.3317,31.5337,25.4078,67.7606,28.1046,4.59693,0.98,1.34,1.75,1.12,0.88,1.48,1.25,1.29
2017,11,80.8793,17.9252,30.9689,24.4225,68.121,28.7039,4.05994,1.06,1.34,1.74,1.54,1.05,1.49,1.39,1.35
2017,12,39.038,17.3586,30.6303,23.9695,67.2625,28.2589,4.54468,-1.27,0.81,1.27,1.2,0.83,1.19,1.2,1.21
2018,1,50.9181,16.7089,30.0279,23.3423,65.5452,27.5124,4.8578,0.46,0.76,1.02,1.48,0.96,1.21,1.45,1.53
2018,2,47.0945,18.7328,32.7822,25.732,61.2513,27.9813,3.92975,0.49,0.74,0.85,1.31,0.96,1.17,1.51,1.51
2018,3,83.1198,19.0167,32.1756,25.5706,65.6727,28.7774,3.496,0.88,0.72,1.04,1.41,1.13,1.39,1.69,1.61
2018,4,100.051,19.6779,31.8765,25.7519,70.0653,29.6687,3.66191,0.35,0.58,1.02,1.22,1.35,1.16,1.75,1.69
2018,5,102.505,19.6033,31.6715,25.612,71.7219,29.1445,4.55174,1.41,0.77,1.29,1.36,1.69,1.4,1.9,1.86
2018,6,67.7738,18.8934,30.551,24.6982,71.0452,27.7053,5.1556,1.52,1.74,1.27,1.55,1.8,1.56,1.95,1.97
2018,7,74.0112,18.6255,29.6626,24.1184,71.885,26.7817,5.98692,0.16,1.77,1.15,1.48,1.93,1.52,2.02,1.9
2018,8,88.5215,18.6027,29.837,24.1947,70.3363,26.8098,5.42438,0.6,1.7,1.07,1.42,1.76,1.5,2.02,1.87
2018,9,68.5668,18.8698,31.01,24.9151,67.8236,27.2198,4.64709,0.18,1.4,1.49,1.2,1.67,1.49,2.01,1.77
2018,10,71.5213,18.9049,31.488,25.1717,69.0086,27.8658,3.99437,-0.02,1.15,1.38,1.09,1.46,1.54,1.87,1.63
2018,11,56.9676,18.3898,31.0633,24.7012,64.6648,28.4646,3.42671,-0.47,0.33,1.01,0.75,1.24,1.46,1.65,1.55
2018,12,60.2849,17.6897,30.5965,24.117,63.7914,28.4486,3.66076,0.41,0.13,0.82,1.13,1.29,1.44,1.61,1.58
2019,1,47.8729,17.0371,31.5102,24.2489,60.6176,28.4366,4.32007,0.17,0.13,0.77,1.08,1.43,1.78,1.69,1.91
2019,2,46.6864,18.8576,32.5106,25.6582,59.2115,28.4502,4.17422,0.49,0.07,0.44,1.01,1.46,1.66,1.66,1.93
2019,3,76.6959,19.5611,32.7806,26.1453,57.7263,29.1431,3.56177,0.44,0.17,0.32,0.88,1.31,1.68,1.76,1.99
2019,4,99.7124,20.5349,32.8164,26.6499,60.058,29.9176,3.47499,0.35,0.3,0.37,0.9,1.15,1.55,1.57,2.03
2019,5,97.8142,19.781,31.404,25.5679,65.3987,29.6254,4.49293,1.1,0.95,0.52,0.82,1.17,1.67,1.7,2.11
2019,6,72.6063,19.0266,30.5642,24.7703,68.575,28.1844,5.40203,2.08,1.47,0.79,0.91,1.62,1.88,1.86,2.17
2019,7,74.4935,19.0575,30.3734,24.6904,68.0534,26.8686,5.62889,0.16,1.57,0.92,0.9,1.53,1.85,1.79,2.23
2019,8,86.7417,19.0188,30.1135,24.5411,68.8232,26.9225,5.45985,0.43,1.46,1.28,0.81,1.43,1.8,1.74,2.23
2019,9,74.0781,19.3616,31.1379,25.2258,66.8563,27.3009,4.7488,0.74,1.49,1.36,0.84,1.3,1.68,1.8,2.23
2019,10,118.791,18.7533,30.9364,24.8199,72.7802,27.7962,3.87976,2.63,2.46,2.34,1.7,1.84,1.95,2.27,2.45
2019,11,88.4922,18.2986,30.7815,24.5158,68.7428,28.4366,3.6272,1.45,2.42,2.5,2.42,1.93,2.03,2.49,2.5
2019,12,83.3918,17.5715,30.4614,23.9919,71.1008,28.3187,3.47012,1.85,2.36,2.72,2.79,2.14,2.42,2.67,2.67
2020,1,70.1336,16.9569,30.1834,23.5446,68.5707,28.0053,4.32338,2.07,2.66,3.04,3.12,2.72,2.91,3.33,3.18
2020,2,48.7075,17.6167,31.1764,24.3718,62.4516,28.088,3.72047,0.7,2.6,2.79,2.96,2.76,2.85,3.25,3.11
2020,3,91.1686,19.6379,32.2639,25.9254,63.955,-9.99E+08,3.48196,1.43,2.71,2.8,3.07,2.89,2.9,3.35,3.23
2020,4,109.115,19.5476,31.5765,25.5366,64.7918,-9.99E+08,3.74115,1.02,2.47,3.02,3.27,3.08,3.06,3.37,3.16
2020,5,77.6527,20.1428,31.6875,25.8902,70.4582,-9.99E+08,4.37595,-0.26,2.19,2.78,2.96,3.2,2.91,3.27,3.1
2020,6,55.1338,19.1414,30.8325,24.9623,70.0543,-9.99E+08,5.46288,-0.07,1.74,2.61,2.72,3.06,2.79,3.25,3.07
2020,7,86.7265,18.9936,30.0785,24.511,73.4502,-9.99E+08,6.34791,1.53,1.57,2.34,2.9,3.15,2.97,3.28,3.1
2020,8,98.2574,18.8566,29.9234,24.3646,71.9822,-9.99E+08,5.48487,1.35,1.73,2.44,2.87,3.07,2.99,3.31,3.14
2020,9,74.5537,19.0778,30.9806,25.0049,70.1753,-9.99E+08,4.44499,0.85,1.37,2.1,2.72,2.96,2.96,3.22,3.15
2020,10,71.3039,19.3573,31.5975,25.4512,66.6872,-9.99E+08,3.72473,-0.08,0.84,1.55,2.33,2.93,2.8,2.96,3.1
2020,11,69.7247,18.1209,30.7858,24.4276,66.5433,-9.99E+08,3.4266,0.4,1.02,1.4,2.27,2.9,2.94,2.86,3.14
2020,12,53.1947,17.9148,31.135,24.5002,64.0272,-9.99E+08,3.52762,-0.1,0.87,0.89,1.72,2.67,2.77,2.92,3.09
